Entity,Code,Year,Solar Capacity
Africa,,1996,0.0011124251999999999
Africa,,1997,0.0031372757
Africa,,1998,0.0051621259999999995
Africa,,1999,0.008199402
Africa,,2000,0.010927
Africa,,2001,0.013028999000000001
Africa,,2002,0.015243000000000001
Africa,,2003,0.018019001
Africa,,2004,0.021995999999999998
Africa,,2005,0.025965000000000002
Africa,,2006,0.034268
Africa,,2007,0.046656002
Africa,,2008,0.063372997
Africa,,2009,0.106845
Africa,,2010,0.19384200000000001
Africa,,2011,0.26638799999999996
Africa,,2012,0.34595400000000004
Africa,,2013,0.6669729999999999
Africa,,2014,1.5731199999999999
Africa,,2015,1.930761
Africa,,2016,2.988417
Africa,,2017,4.711063
Africa,,2018,7.210268
Africa,,2019,8.415319
Africa,,2020,9.703859000000001
Africa,,2021,10.30226
Africa (BP),,1996,0.0010124252
Africa (BP),,1997,0.0030372756
Africa (BP),,1998,0.005062126
Africa (BP),,1999,0.008099401
Africa (BP),,2000,0.010927
Africa (BP),,2001,0.013029
Africa (BP),,2002,0.015243000000000001
Africa (BP),,2003,0.018019
Africa (BP),,2004,0.021995999999999998
Africa (BP),,2005,0.025965000000000002
Africa (BP),,2006,0.034268
Africa (BP),,2007,0.046656
Africa (BP),,2008,0.063373
Africa (BP),,2009,0.106845
Africa (BP),,2010,0.19384200000000001
Africa (BP),,2011,0.26638799999999996
Africa (BP),,2012,0.34595400000000004
Africa (BP),,2013,0.6669729999999999
Africa (BP),,2014,1.5731199999999999
Africa (BP),,2015,1.930761
Africa (BP),,2016,2.988417
Africa (BP),,2017,4.711063
Africa (BP),,2018,7.210268
Africa (BP),,2019,8.415319
Africa (BP),,2020,9.703859000000001
Africa (BP),,2021,10.30226
Algeria,DZA,1996,0
Algeria,DZA,1997,0
Algeria,DZA,1998,0
Algeria,DZA,1999,0
Algeria,DZA,2000,0
Algeria,DZA,2001,0
Algeria,DZA,2002,0
Algeria,DZA,2003,0
Algeria,DZA,2004,0
Algeria,DZA,2005,0
Algeria,DZA,2006,0
Algeria,DZA,2007,0
Algeria,DZA,2008,0
Algeria,DZA,2009,0
Algeria,DZA,2010,0
Algeria,DZA,2011,0
Algeria,DZA,2012,0
Algeria,DZA,2013,0
Algeria,DZA,2014,0.0011
Algeria,DZA,2015,0.049100000000000005
Algeria,DZA,2016,0.2191
Algeria,DZA,2017,0.4
Algeria,DZA,2018,0.423
Algeria,DZA,2019,0.423
Algeria,DZA,2020,0.423
Algeria,DZA,2021,0.423
Argentina,ARG,1996,0
Argentina,ARG,1997,0
Argentina,ARG,1998,0
Argentina,ARG,1999,0
Argentina,ARG,2000,0.000025
Argentina,ARG,2001,0.000026
Argentina,ARG,2002,0.000026
Argentina,ARG,2003,0.000026
Argentina,ARG,2004,0.000026
Argentina,ARG,2005,0.000026
Argentina,ARG,2006,0.000026
Argentina,ARG,2007,0.000026
Argentina,ARG,2008,0.000026
Argentina,ARG,2009,0.000026
Argentina,ARG,2010,0.000026
Argentina,ARG,2011,0.001252
Argentina,ARG,2012,0.006252
Argentina,ARG,2013,0.008257
Argentina,ARG,2014,0.008252
Argentina,ARG,2015,0.008618
Argentina,ARG,2016,0.008806
Argentina,ARG,2017,0.008806
Argentina,ARG,2018,0.191236
Argentina,ARG,2019,0.442111
Argentina,ARG,2020,0.764135
Argentina,ARG,2021,1.071366
Asia,,1996,0.061
Asia,,1997,0.0938
Asia,,1998,0.1393
Asia,,1999,0.2214
Asia,,2000,0.37112
Asia,,2001,0.50622998
Asia,,2002,0.712151
Asia,,2003,0.9508200000000001
Asia,,2004,1.241006
Asia,,2005,1.6106339
Asia,,2006,1.972485
Asia,,2007,2.298976
Asia,,2008,2.878011
Asia,,2009,3.7645862
Asia,,2010,5.629264
Asia,,2011,9.88405
Asia,,2012,16.54569
Asia,,2013,36.577152000000005
Asia,,2014,61.170582
Asia,,2015,91.58861999999999
Asia,,2016,142.65352
Asia,,2017,217.31088
Asia,,2018,284.53244
Asia,,2019,344.22015999999996
Asia,,2020,423.60356
Asia,,2021,501.57628000000005
Asia Pacific (BP),,1996,0.077
Asia Pacific (BP),,1997,0.1125
Asia Pacific (BP),,1998,0.162
Asia Pacific (BP),,1999,0.246
Asia Pacific (BP),,2000,0.395655
Asia Pacific (BP),,2001,0.5345599999999999
Asia Pacific (BP),,2002,0.7451810000000001
Asia Pacific (BP),,2003,0.98845
Asia Pacific (BP),,2004,1.285106
Asia Pacific (BP),,2005,1.6591710000000002
Asia Pacific (BP),,2006,2.029164
Asia Pacific (BP),,2007,2.363006
Asia Pacific (BP),,2008,2.951403
Asia Pacific (BP),,2009,4.052475
Asia Pacific (BP),,2010,6.625174
Asia Pacific (BP),,2011,12.136772
Asia Pacific (BP),,2012,20.023832
Asia Pacific (BP),,2013,40.64408
Asia Pacific (BP),,2014,65.618234
Asia Pacific (BP),,2015,96.15716400000001
Asia Pacific (BP),,2016,146.79978
Asia Pacific (BP),,2017,218.84447
Asia Pacific (BP),,2018,284.15684000000005
Asia Pacific (BP),,2019,344.11662
Asia Pacific (BP),,2020,425.32716
Asia Pacific (BP),,2021,501.6153
Australia,AUS,1996,0.016
Australia,AUS,1997,0.019
Australia,AUS,1998,0.023
Australia,AUS,1999,0.025
Australia,AUS,2000,0.025
Australia,AUS,2001,0.029
Australia,AUS,2002,0.034
Australia,AUS,2003,0.039
Australia,AUS,2004,0.046
Australia,AUS,2005,0.052000000000000005
Australia,AUS,2006,0.061
Australia,AUS,2007,0.07
Australia,AUS,2008,0.082
Australia,AUS,2009,0.329
Australia,AUS,2010,1.088
Australia,AUS,2011,2.47
Australia,AUS,2012,3.7960000000000003
Australia,AUS,2013,4.565
Australia,AUS,2014,5.284
Australia,AUS,2015,5.9430000000000005
Australia,AUS,2016,6.686
Australia,AUS,2017,7.352
Australia,AUS,2018,8.623
Australia,AUS,2019,12.967
Australia,AUS,2020,17.342
Australia,AUS,2021,19.074
Austria,AUT,1996,0.0017
Austria,AUT,1997,0.0022
Austria,AUT,1998,0.0029
Austria,AUT,1999,0.0037
Austria,AUT,2000,0.005
Austria,AUT,2001,0.007
Austria,AUT,2002,0.009000000000000001
Austria,AUT,2003,0.023
Austria,AUT,2004,0.027
Austria,AUT,2005,0.021018000000000002
Austria,AUT,2006,0.022387
Austria,AUT,2007,0.024238
Austria,AUT,2008,0.03012
Austria,AUT,2009,0.048915
Austria,AUT,2010,0.088813
Austria,AUT,2011,0.17407
Austria,AUT,2012,0.33748300000000003
Austria,AUT,2013,0.625974
Austria,AUT,2014,0.785246
Austria,AUT,2015,0.937098
Austria,AUT,2016,1.096016
Austria,AUT,2017,1.268971
Austria,AUT,2018,1.455132
Austria,AUT,2019,1.702093
Austria,AUT,2020,2.042934
Austria,AUT,2021,2.6919340000000003
Belgium,BEL,1996,0
Belgium,BEL,1997,0
Belgium,BEL,1998,0
Belgium,BEL,1999,0
Belgium,BEL,2000,0
Belgium,BEL,2001,0
Belgium,BEL,2002,0.001
Belgium,BEL,2003,0.001
Belgium,BEL,2004,0.001
Belgium,BEL,2005,0.002
Belgium,BEL,2006,0.002
Belgium,BEL,2007,0.02
Belgium,BEL,2008,0.062
Belgium,BEL,2009,0.386
Belgium,BEL,2010,1.0066
Belgium,BEL,2011,1.9786
Belgium,BEL,2012,2.6466
Belgium,BEL,2013,2.9016
Belgium,BEL,2014,3.015
Belgium,BEL,2015,3.1316
Belgium,BEL,2016,3.3288
Belgium,BEL,2017,3.6206
Belgium,BEL,2018,4
Belgium,BEL,2019,4.6366000000000005
Belgium,BEL,2020,5.574800000000001
Belgium,BEL,2021,6.584600000000001
Brazil,BRA,1996,0
Brazil,BRA,1997,0
Brazil,BRA,1998,0
Brazil,BRA,1999,0
Brazil,BRA,2000,0
Brazil,BRA,2001,0.000036
Brazil,BRA,2002,0.000036
Brazil,BRA,2003,0.000716
Brazil,BRA,2004,0.000718
Brazil,BRA,2005,0.000718
Brazil,BRA,2006,0.000718
Brazil,BRA,2007,0.000718
Brazil,BRA,2008,0.000764
Brazil,BRA,2009,0.0008139999999999999
Brazil,BRA,2010,0.000854
Brazil,BRA,2011,0.006097000000000001
Brazil,BRA,2012,0.006608
Brazil,BRA,2013,0.012528000000000001
Brazil,BRA,2014,0.020697
Brazil,BRA,2015,0.045567
Brazil,BRA,2016,0.127789
Brazil,BRA,2017,1.206787
Brazil,BRA,2018,2.435022
Brazil,BRA,2019,4.613191
Brazil,BRA,2020,7.879157
Brazil,BRA,2021,13.054926
Bulgaria,BGR,1996,0
Bulgaria,BGR,1997,0
Bulgaria,BGR,1998,0
Bulgaria,BGR,1999,0
Bulgaria,BGR,2000,0
Bulgaria,BGR,2001,0
Bulgaria,BGR,2002,0
Bulgaria,BGR,2003,0
Bulgaria,BGR,2004,0
Bulgaria,BGR,2005,0
Bulgaria,BGR,2006,0
Bulgaria,BGR,2007,0.00003
Bulgaria,BGR,2008,0.0001
Bulgaria,BGR,2009,0.002
Bulgaria,BGR,2010,0.025
Bulgaria,BGR,2011,0.154
Bulgaria,BGR,2012,1.0130000000000001
Bulgaria,BGR,2013,1.02
Bulgaria,BGR,2014,1.026
Bulgaria,BGR,2015,1.029
Bulgaria,BGR,2016,1.028
Bulgaria,BGR,2017,1.0355699999999999
Bulgaria,BGR,2018,1.0326790000000001
Bulgaria,BGR,2019,1.0479500000000002
Bulgaria,BGR,2020,1.097357
Bulgaria,BGR,2021,1.186357
CIS (BP),,1996,0
CIS (BP),,1997,0
CIS (BP),,1998,0
CIS (BP),,1999,0
CIS (BP),,2000,0
CIS (BP),,2001,0
CIS (BP),,2002,0
CIS (BP),,2003,0
CIS (BP),,2004,0
CIS (BP),,2005,0.000063
CIS (BP),,2006,0.000079
CIS (BP),,2007,0.0006969999999999999
CIS (BP),,2008,0.00048499999999999997
CIS (BP),,2009,0.000298
CIS (BP),,2010,0.001577
CIS (BP),,2011,0.002018
CIS (BP),,2012,0.003529
CIS (BP),,2013,0.019021
CIS (BP),,2014,0.088825
CIS (BP),,2015,0.21682300000000002
CIS (BP),,2016,0.307539
CIS (BP),,2017,0.5123759999999999
CIS (BP),,2018,1.21778
CIS (BP),,2019,2.61892
CIS (BP),,2020,3.34832
CIS (BP),,2021,4.911386
Canada,CAN,1996,0.003
Canada,CAN,1997,0.003
Canada,CAN,1998,0.005
Canada,CAN,1999,0.006
Canada,CAN,2000,0.007
Canada,CAN,2001,0.009000000000000001
Canada,CAN,2002,0.01
Canada,CAN,2003,0.012
Canada,CAN,2004,0.014
Canada,CAN,2005,0.018000000000000002
Canada,CAN,2006,0.022
Canada,CAN,2007,0.029
Canada,CAN,2008,0.038
Canada,CAN,2009,0.107
Canada,CAN,2010,0.249
Canada,CAN,2011,0.628
Canada,CAN,2012,0.766
Canada,CAN,2013,1.21
Canada,CAN,2014,1.843
Canada,CAN,2015,2.519
Canada,CAN,2016,2.665
Canada,CAN,2017,2.932
Canada,CAN,2018,3.095
Canada,CAN,2019,3.327
Canada,CAN,2020,3.342
Canada,CAN,2021,3.6296
Chile,CHL,1996,0
Chile,CHL,1997,0
Chile,CHL,1998,0
Chile,CHL,1999,0
Chile,CHL,2000,0
Chile,CHL,2001,0
Chile,CHL,2002,0
Chile,CHL,2003,0
Chile,CHL,2004,0
Chile,CHL,2005,0
Chile,CHL,2006,0
Chile,CHL,2007,0
Chile,CHL,2008,0
Chile,CHL,2009,0
Chile,CHL,2010,0
Chile,CHL,2011,0
Chile,CHL,2012,0.002
Chile,CHL,2013,0.015
Chile,CHL,2014,0.221
Chile,CHL,2015,0.5760000000000001
Chile,CHL,2016,1.125
Chile,CHL,2017,1.809
Chile,CHL,2018,2.137
Chile,CHL,2019,2.653698
Chile,CHL,2020,3.205438
Chile,CHL,2021,4.3600069999999995
China,CHN,1996,0.001
China,CHN,1997,0.0025
China,CHN,1998,0.005
China,CHN,1999,0.01
China,CHN,2000,0.033515
China,CHN,2001,0.038020000000000005
China,CHN,2002,0.056530000000000004
China,CHN,2003,0.06659999999999999
China,CHN,2004,0.0766
China,CHN,2005,0.1412
China,CHN,2006,0.16019999999999998
China,CHN,2007,0.199
China,CHN,2008,0.253
China,CHN,2009,0.4148
China,CHN,2010,1.0218
China,CHN,2011,3.1078
China,CHN,2012,6.7178
China,CHN,2013,17.747799999999998
China,CHN,2014,28.3878
China,CHN,2015,43.537800000000004
China,CHN,2016,77.7878
China,CHN,2017,130.80129
China,CHN,2018,175.01586
China,CHN,2019,204.57479999999998
China,CHN,2020,253.4178
China,CHN,2021,306.4028
Czechia,CZE,1996,0
Czechia,CZE,1997,0
Czechia,CZE,1998,0
Czechia,CZE,1999,0
Czechia,CZE,2000,0.0001
Czechia,CZE,2001,0.0001
Czechia,CZE,2002,0.0002
Czechia,CZE,2003,0.0003
Czechia,CZE,2004,0.0004
Czechia,CZE,2005,0.0005859999999999999
Czechia,CZE,2006,0.000841
Czechia,CZE,2007,0.003961
Czechia,CZE,2008,0.0395
Czechia,CZE,2009,0.4646
Czechia,CZE,2010,1.727
Czechia,CZE,2011,1.913
Czechia,CZE,2012,2.0220000000000002
Czechia,CZE,2013,2.0635
Czechia,CZE,2014,2.0674
Czechia,CZE,2015,2.0749
Czechia,CZE,2016,2.0679000000000003
Czechia,CZE,2017,2.0695
Czechia,CZE,2018,2.075072
Czechia,CZE,2019,2.086424
Czechia,CZE,2020,2.122711
Czechia,CZE,2021,2.119211
Denmark,DNK,1996,0
Denmark,DNK,1997,0
Denmark,DNK,1998,0
Denmark,DNK,1999,0
Denmark,DNK,2000,0.001
Denmark,DNK,2001,0.001
Denmark,DNK,2002,0.002
Denmark,DNK,2003,0.002
Denmark,DNK,2004,0.002
Denmark,DNK,2005,0.003
Denmark,DNK,2006,0.003
Denmark,DNK,2007,0.003
Denmark,DNK,2008,0.003
Denmark,DNK,2009,0.005
Denmark,DNK,2010,0.007
Denmark,DNK,2011,0.017
Denmark,DNK,2012,0.402
Denmark,DNK,2013,0.5710000000000001
Denmark,DNK,2014,0.607
Denmark,DNK,2015,0.7821079999999999
Denmark,DNK,2016,0.850953
Denmark,DNK,2017,0.90635
Denmark,DNK,2018,0.998
Denmark,DNK,2019,1.08
Denmark,DNK,2020,1.304294
Denmark,DNK,2021,1.540294
Egypt,EGY,1996,0.0001
Egypt,EGY,1997,0.0001
Egypt,EGY,1998,0.0001
Egypt,EGY,1999,0.0001
Egypt,EGY,2000,0.0001
Egypt,EGY,2001,0.0005
Egypt,EGY,2002,0.0006
Egypt,EGY,2003,0.0006
Egypt,EGY,2004,0.0006
Egypt,EGY,2005,0.0006
Egypt,EGY,2006,0.0006
Egypt,EGY,2007,0.0007
Egypt,EGY,2008,0.0009000000000000001
Egypt,EGY,2009,0.0013000000000000002
Egypt,EGY,2010,0.015
Egypt,EGY,2011,0.015
Egypt,EGY,2012,0.015
Egypt,EGY,2013,0.015
Egypt,EGY,2014,0.015
Egypt,EGY,2015,0.016
Egypt,EGY,2016,0.039
Egypt,EGY,2017,0.16
Egypt,EGY,2018,0.7442000000000001
Egypt,EGY,2019,1.6272
Egypt,EGY,2020,1.6553900000000001
Egypt,EGY,2021,1.6553900000000001
Europe,,1996,0.0669
Europe,,1997,0.0873
Europe,,1998,0.10540000000000001
Europe,,1999,0.1315
Europe,,2000,0.2001
Europe,,2001,0.30036002
Europe,,2002,0.38499402
Europe,,2003,0.623771
Europe,,2004,1.335364
Europe,,2005,2.315507
Europe,,2006,3.266667
Europe,,2007,5.039852
Europe,,2008,10.45816
Europe,,2009,16.835742
Europe,,2010,30.119166000000003
Europe,,2011,53.564973
Europe,,2012,71.716375
Europe,,2013,81.8605
Europe,,2014,88.78095
Europe,,2015,97.34830000000001
Europe,,2016,103.88894
Europe,,2017,110.13502000000001
Europe,,2018,119.68972000000001
Europe,,2019,141.2378
Europe,,2020,161.78277
Europe,,2021,184.94838000000001
Europe (BP),,1996,0.0669
Europe (BP),,1997,0.0873
Europe (BP),,1998,0.10540000000000001
Europe (BP),,1999,0.1315
Europe (BP),,2000,0.2002
Europe (BP),,2001,0.30066000000000004
Europe (BP),,2002,0.385594
Europe (BP),,2003,0.624771
Europe (BP),,2004,1.336864
Europe (BP),,2005,2.317507
Europe (BP),,2006,3.269167
Europe (BP),,2007,5.042852
Europe (BP),,2008,10.461860000000001
Europe (BP),,2009,16.840441
Europe (BP),,2010,30.124855
Europe (BP),,2011,53.571650000000005
Europe (BP),,2012,71.72798399999999
Europe (BP),,2013,81.876945
Europe (BP),,2014,88.81596
Europe (BP),,2015,97.535984
Europe (BP),,2016,104.64562
Europe (BP),,2017,113.3304
Europe (BP),,2018,124.217
Europe (BP),,2019,145.95662
Europe (BP),,2020,167.02231
Europe (BP),,2021,191.1029
France,FRA,1996,0.004
France,FRA,1997,0.006
France,FRA,1998,0.008
France,FRA,1999,0.009000000000000001
France,FRA,2000,0.007
France,FRA,2001,0.007
France,FRA,2002,0.008
France,FRA,2003,0.009000000000000001
France,FRA,2004,0.011
France,FRA,2005,0.013000000000000001
France,FRA,2006,0.015
France,FRA,2007,0.026000000000000002
France,FRA,2008,0.08
France,FRA,2009,0.277
France,FRA,2010,1.044
France,FRA,2011,3.003574
France,FRA,2012,4.358754
France,FRA,2013,5.277289
France,FRA,2014,6.034418
France,FRA,2015,7.137517
France,FRA,2016,7.702081000000001
France,FRA,2017,8.610437
France,FRA,2018,9.672296000000001
France,FRA,2019,10.807874
France,FRA,2020,12.022225
France,FRA,2021,14.709225
Germany,DEU,1996,0.028
Germany,DEU,1997,0.042
Germany,DEU,1998,0.054
Germany,DEU,1999,0.07
Germany,DEU,2000,0.114
Germany,DEU,2001,0.195
Germany,DEU,2002,0.26
Germany,DEU,2003,0.435
Germany,DEU,2004,1.105
Germany,DEU,2005,2.056
Germany,DEU,2006,2.899
Germany,DEU,2007,4.17
Germany,DEU,2008,6.12
Germany,DEU,2009,10.564
Germany,DEU,2010,18.004
Germany,DEU,2011,25.914
Germany,DEU,2012,34.075
Germany,DEU,2013,36.708
Germany,DEU,2014,37.898
Germany,DEU,2015,39.222
Germany,DEU,2016,40.677
Germany,DEU,2017,42.291000000000004
Germany,DEU,2018,45.156
Germany,DEU,2019,48.912
Germany,DEU,2020,53.719
Germany,DEU,2021,58.459
Greece,GRC,1996,0
Greece,GRC,1997,0
Greece,GRC,1998,0
Greece,GRC,1999,0
Greece,GRC,2000,0
Greece,GRC,2001,0.001
Greece,GRC,2002,0.001
Greece,GRC,2003,0.001
Greece,GRC,2004,0.001
Greece,GRC,2005,0.001
Greece,GRC,2006,0.005
Greece,GRC,2007,0.009000000000000001
Greece,GRC,2008,0.012
Greece,GRC,2009,0.046
Greece,GRC,2010,0.202
Greece,GRC,2011,0.612
Greece,GRC,2012,1.536
Greece,GRC,2013,2.579
Greece,GRC,2014,2.596
Greece,GRC,2015,2.604
Greece,GRC,2016,2.604
Greece,GRC,2017,2.6055300000000003
Greece,GRC,2018,2.6515700000000004
Greece,GRC,2019,2.833794
Greece,GRC,2020,3.2877199999999998
Greece,GRC,2021,3.5300000000000002
High-income countries,,1996,0.1549
High-income countries,,1997,0.21
High-income countries,,1998,0.2765
High-income countries,,1999,0.3825
High-income countries,,2000,0.7332000000000001
High-income countries,,2001,0.9993
High-income countries,,2002,1.31553
High-income countries,,2003,1.80975
High-income countries,,2004,2.8639699999999997
High-income countries,,2005,4.279644
High-income countries,,2006,5.754938
High-income countries,,2007,8.0768394
High-income countries,,2008,14.195200000000002
High-income countries,,2009,22.023602
High-income countries,,2010,38.649695
High-income countries,,2011,67.32972000000001
High-income countries,,2012,90.870625
High-income countries,,2013,112.36930000000001
High-income countries,,2014,135.42244
High-income countries,,2015,163.54958
High-income countries,,2016,191.79188000000002
High-income countries,,2017,217.12705
High-income countries,,2018,246.0403
High-income countries,,2019,290.9125
High-income countries,,2020,340.51756
High-income countries,,2021,395.40947
Honduras,HND,1996,0
Honduras,HND,1997,0
Honduras,HND,1998,0
Honduras,HND,1999,0.001
Honduras,HND,2000,0.001599
Honduras,HND,2001,0.001804
Honduras,HND,2002,0.001975
Honduras,HND,2003,0.002128
Honduras,HND,2004,0.002376
Honduras,HND,2005,0.0026680000000000002
Honduras,HND,2006,0.002872
Honduras,HND,2007,0.0032280000000000004
Honduras,HND,2008,0.0032280000000000004
Honduras,HND,2009,0.003512
Honduras,HND,2010,0.0037280000000000004
Honduras,HND,2011,0.004479
Honduras,HND,2012,0.005156
Honduras,HND,2013,0.005156
Honduras,HND,2014,0.005156
Honduras,HND,2015,0.393156
Honduras,HND,2016,0.414156
Honduras,HND,2017,0.453786
Honduras,HND,2018,0.5136860000000001
Honduras,HND,2019,0.514
Honduras,HND,2020,0.514
Honduras,HND,2021,0.514
Hungary,HUN,1996,0
Hungary,HUN,1997,0
Hungary,HUN,1998,0
Hungary,HUN,1999,0
Hungary,HUN,2000,0
Hungary,HUN,2001,0
Hungary,HUN,2002,0
Hungary,HUN,2003,0
Hungary,HUN,2004,0
Hungary,HUN,2005,0
Hungary,HUN,2006,0
Hungary,HUN,2007,0.0004
Hungary,HUN,2008,0.001
Hungary,HUN,2009,0.001
Hungary,HUN,2010,0.002
Hungary,HUN,2011,0.004
Hungary,HUN,2012,0.012
Hungary,HUN,2013,0.035
Hungary,HUN,2014,0.089
Hungary,HUN,2015,0.17200000000000001
Hungary,HUN,2016,0.23500000000000001
Hungary,HUN,2017,0.34400000000000003
Hungary,HUN,2018,0.728
Hungary,HUN,2019,1.4000000000000001
Hungary,HUN,2020,2.1310000000000002
Hungary,HUN,2021,2.1310000000000002
India,IND,1996,0
India,IND,1997,0
India,IND,1998,0
India,IND,1999,0
India,IND,2000,0.0010840000000000001
India,IND,2001,0.005535
India,IND,2002,0.006705
India,IND,2003,0.007885
India,IND,2004,0.00781
India,IND,2005,0.011567000000000001
India,IND,2006,0.009603
India,IND,2007,0.025099
India,IND,2008,0.027723
India,IND,2009,0.039362
India,IND,2010,0.06536199999999999
India,IND,2011,0.5633150000000001
India,IND,2012,0.9785820000000001
India,IND,2013,1.445827
India,IND,2014,3.4440079999999997
India,IND,2015,5.364984000000001
India,IND,2016,9.650521000000001
India,IND,2017,17.923256000000002
India,IND,2018,27.124598000000002
India,IND,2019,34.860906
India,IND,2020,39.042656
India,IND,2021,49.341508000000005
Israel,ISR,1996,0
Israel,ISR,1997,0.0003
Israel,ISR,1998,0.0003
Israel,ISR,1999,0.0004
Israel,ISR,2000,0
Israel,ISR,2001,0
Israel,ISR,2002,0
Israel,ISR,2003,0
Israel,ISR,2004,0
Israel,ISR,2005,0.001
Israel,ISR,2006,0.0013000000000000002
Israel,ISR,2007,0.0018000000000000002
Israel,ISR,2008,0.003
Israel,ISR,2009,0.0245
Israel,ISR,2010,0.0699
Israel,ISR,2011,0.18969999999999998
Israel,ISR,2012,0.272
Israel,ISR,2013,0.3768
Israel,ISR,2014,0.5871000000000001
Israel,ISR,2015,0.7657
Israel,ISR,2016,0.8736
Israel,ISR,2017,0.9823
Israel,ISR,2018,1.2852000000000001
Israel,ISR,2019,1.8074000000000001
Israel,ISR,2020,2.23
Israel,ISR,2021,2.313
Italy,ITA,1996,0.016
Italy,ITA,1997,0.017
Italy,ITA,1998,0.018000000000000002
Italy,ITA,1999,0.018000000000000002
Italy,ITA,2000,0.019
Italy,ITA,2001,0.02
Italy,ITA,2002,0.022
Italy,ITA,2003,0.026000000000000002
Italy,ITA,2004,0.031
Italy,ITA,2005,0.034
Italy,ITA,2006,0.045
Italy,ITA,2007,0.11
Italy,ITA,2008,0.483
Italy,ITA,2009,1.264
Italy,ITA,2010,3.592
Italy,ITA,2011,13.131
Italy,ITA,2012,16.785
Italy,ITA,2013,18.185
Italy,ITA,2014,18.594
Italy,ITA,2015,18.901
Italy,ITA,2016,19.283
Italy,ITA,2017,19.682293
Italy,ITA,2018,20.107590000000002
Italy,ITA,2019,20.865275
Italy,ITA,2020,21.65004
Italy,ITA,2021,22.692040000000002
Japan,JPN,1996,0.06
Japan,JPN,1997,0.091
Japan,JPN,1998,0.133
Japan,JPN,1999,0.209
Japan,JPN,2000,0.33
Japan,JPN,2001,0.453
Japan,JPN,2002,0.637
Japan,JPN,2003,0.86
Japan,JPN,2004,1.1320000000000001
Japan,JPN,2005,1.422
Japan,JPN,2006,1.708
Japan,JPN,2007,1.919
Japan,JPN,2008,2.144
Japan,JPN,2009,2.6270000000000002
Japan,JPN,2010,3.618
Japan,JPN,2011,4.914
Japan,JPN,2012,6.632000000000001
Japan,JPN,2013,13.599
Japan,JPN,2014,23.339000000000002
Japan,JPN,2015,34.15
Japan,JPN,2016,42.04
Japan,JPN,2017,49.5
Japan,JPN,2018,56.162
Japan,JPN,2019,63.192
Japan,JPN,2020,69.764
Japan,JPN,2021,74.191
Jordan,JOR,1996,0
Jordan,JOR,1997,0
Jordan,JOR,1998,0
Jordan,JOR,1999,0
Jordan,JOR,2000,0.000015
Jordan,JOR,2001,0.000015
Jordan,JOR,2002,0.000015
Jordan,JOR,2003,0.000015
Jordan,JOR,2004,0.000015
Jordan,JOR,2005,0.000015
Jordan,JOR,2006,0.000015
Jordan,JOR,2007,0.000015
Jordan,JOR,2008,0.000015
Jordan,JOR,2009,0.000015
Jordan,JOR,2010,0.000015
Jordan,JOR,2011,0.000042999999999999995
Jordan,JOR,2012,0.000073
Jordan,JOR,2013,0.00014099999999999998
Jordan,JOR,2014,0.000236
Jordan,JOR,2015,0.005557
Jordan,JOR,2016,0.28659300000000004
Jordan,JOR,2017,0.39658800000000005
Jordan,JOR,2018,0.6996230000000001
Jordan,JOR,2019,1.18567
Jordan,JOR,2020,1.448375
Jordan,JOR,2021,1.520575
Lower-middle-income countries,,1996,0.0001
Lower-middle-income countries,,1997,0.0001
Lower-middle-income countries,,1998,0.0001
Lower-middle-income countries,,1999,0.0011
Lower-middle-income countries,,2000,0.009485
Lower-middle-income countries,,2001,0.014947
Lower-middle-income countries,,2002,0.017216000000000002
Lower-middle-income countries,,2003,0.019419000000000002
Lower-middle-income countries,,2004,0.022633
Lower-middle-income countries,,2005,0.028739999999999998
Lower-middle-income countries,,2006,0.029319
Lower-middle-income countries,,2007,0.046556
Lower-middle-income countries,,2008,0.05128
Lower-middle-income countries,,2009,0.069824
Lower-middle-income countries,,2010,0.115948
Lower-middle-income countries,,2011,0.810338
Lower-middle-income countries,,2012,1.4378330000000001
Lower-middle-income countries,,2013,2.3377800000000004
Lower-middle-income countries,,2014,4.502354
Lower-middle-income countries,,2015,7.127592
Lower-middle-income countries,,2016,12.678287000000001
Lower-middle-income countries,,2017,21.732004
Lower-middle-income countries,,2018,32.703129000000004
Lower-middle-income countries,,2019,50.293746
Lower-middle-income countries,,2020,67.738734
Lower-middle-income countries,,2021,79.343734
Malaysia,MYS,1996,0
Malaysia,MYS,1997,0
Malaysia,MYS,1998,0
Malaysia,MYS,1999,0
Malaysia,MYS,2000,0
Malaysia,MYS,2001,0
Malaysia,MYS,2002,0
Malaysia,MYS,2003,0
Malaysia,MYS,2004,0
Malaysia,MYS,2005,0
Malaysia,MYS,2006,0
Malaysia,MYS,2007,0.00045000000000000004
Malaysia,MYS,2008,0.00054
Malaysia,MYS,2009,0.00054
Malaysia,MYS,2010,0.0005440000000000001
Malaysia,MYS,2011,0.0005440000000000001
Malaysia,MYS,2012,0.031584
Malaysia,MYS,2013,0.13867400000000002
Malaysia,MYS,2014,0.20538800000000001
Malaysia,MYS,2015,0.26628500000000005
Malaysia,MYS,2016,0.344108
Malaysia,MYS,2017,0.393808
Malaysia,MYS,2018,0.5450750000000001
Malaysia,MYS,2019,0.893595
Malaysia,MYS,2020,1.482597
Malaysia,MYS,2021,1.786747
Mexico,MEX,1996,0.01
Mexico,MEX,1997,0.011
Mexico,MEX,1998,0.012
Mexico,MEX,1999,0.013000000000000001
Mexico,MEX,2000,0.014
Mexico,MEX,2001,0.015
Mexico,MEX,2002,0.016
Mexico,MEX,2003,0.016
Mexico,MEX,2004,0.016
Mexico,MEX,2005,0.016
Mexico,MEX,2006,0.016
Mexico,MEX,2007,0.019
Mexico,MEX,2008,0.019
Mexico,MEX,2009,0.0251
Mexico,MEX,2010,0.0298
Mexico,MEX,2011,0.0424
Mexico,MEX,2012,0.0728
Mexico,MEX,2013,0.109
Mexico,MEX,2014,0.17400000000000002
Mexico,MEX,2015,0.28700000000000003
Mexico,MEX,2016,0.6326
Mexico,MEX,2017,1.12574
Mexico,MEX,2018,2.541
Mexico,MEX,2019,4.426208
Mexico,MEX,2020,5.149
Mexico,MEX,2021,7.026
Middle East (BP),,1996,0
Middle East (BP),,1997,0.0003
Middle East (BP),,1998,0.0003
Middle East (BP),,1999,0.0004
Middle East (BP),,2000,0.000365
Middle East (BP),,2001,0.00037
Middle East (BP),,2002,0.00037
Middle East (BP),,2003,0.00037
Middle East (BP),,2004,0.0004
Middle East (BP),,2005,0.0014
Middle East (BP),,2006,0.001742
Middle East (BP),,2007,0.0022730000000000003
Middle East (BP),,2008,0.004423
Middle East (BP),,2009,0.036113
Middle East (BP),,2010,0.084823
Middle East (BP),,2011,0.208583
Middle East (BP),,2012,0.302721
Middle East (BP),,2013,0.46261
Middle East (BP),,2014,0.712524
Middle East (BP),,2015,0.969952
Middle East (BP),,2016,1.47552
Middle East (BP),,2017,2.110663
Middle East (BP),,2018,3.253536
Middle East (BP),,2019,5.732761000000001
Middle East (BP),,2020,7.03054
Middle East (BP),,2021,7.969056
Morocco,MAR,1996,0
Morocco,MAR,1997,0
Morocco,MAR,1998,0
Morocco,MAR,1999,0
Morocco,MAR,2000,0.0067
Morocco,MAR,2001,0.007
Morocco,MAR,2002,0.0077
Morocco,MAR,2003,0.008400000000000001
Morocco,MAR,2004,0.0091
Morocco,MAR,2005,0.01
Morocco,MAR,2006,0.0108
Morocco,MAR,2007,0.011945
Morocco,MAR,2008,0.012845
Morocco,MAR,2009,0.013445
Morocco,MAR,2010,0.013545
Morocco,MAR,2011,0.014173999999999999
Morocco,MAR,2012,0.015174
Morocco,MAR,2013,0.015174
Morocco,MAR,2014,0.019600000000000003
Morocco,MAR,2015,0.0198
Morocco,MAR,2016,0.02187
Morocco,MAR,2017,0.023895
Morocco,MAR,2018,0.193895
Morocco,MAR,2019,0.193903
Morocco,MAR,2020,0.194
Morocco,MAR,2021,0.2343
Netherlands,NLD,1996,0.0007
Netherlands,NLD,1997,0.001
Netherlands,NLD,1998,0.001
Netherlands,NLD,1999,0.005
Netherlands,NLD,2000,0.013000000000000001
Netherlands,NLD,2001,0.021
Netherlands,NLD,2002,0.026000000000000002
Netherlands,NLD,2003,0.046
Netherlands,NLD,2004,0.05
Netherlands,NLD,2005,0.051000000000000004
Netherlands,NLD,2006,0.053
Netherlands,NLD,2007,0.054
Netherlands,NLD,2008,0.059000000000000004
Netherlands,NLD,2009,0.069
Netherlands,NLD,2010,0.09
Netherlands,NLD,2011,0.149
Netherlands,NLD,2012,0.28700000000000003
Netherlands,NLD,2013,0.65
Netherlands,NLD,2014,1.0070000000000001
Netherlands,NLD,2015,1.526
Netherlands,NLD,2016,2.1350000000000002
Netherlands,NLD,2017,2.911
Netherlands,NLD,2018,4.6080000000000005
Netherlands,NLD,2019,7.226
Netherlands,NLD,2020,10.94972
Netherlands,NLD,2021,14.249
North America,,1996,0.0269
North America,,1997,0.0286
North America,,1998,0.032200000000000006
North America,,1999,0.0366
North America,,2000,0.198599
North America,,2001,0.23880400000000002
North America,,2002,0.28297500000000003
North America,,2003,0.32312799999999997
North America,,2004,0.395376
North America,,2005,0.52966797
North America,,2006,0.738872
North America,,2007,1.025228
North America,,2008,1.2132280000000002
North America,,2009,1.7496120000000002
North America,,2010,3.191528
North America,,2011,5.846879
North America,,2012,8.980956
North America,,2013,13.083156
North America,,2014,18.006156
North America,,2015,24.883156
North America,,2016,36.669758
North America,,2017,45.868527
North America,,2018,55.961688
North America,,2019,67.33521
North America,,2020,82.81869999999999
North America,,2021,104.88262
North America (BP),,1996,0.0269
North America (BP),,1997,0.0286
North America (BP),,1998,0.032200000000000006
North America (BP),,1999,0.0356
North America (BP),,2000,0.197
North America (BP),,2001,0.23700000000000002
North America (BP),,2002,0.281
North America (BP),,2003,0.321
North America (BP),,2004,0.393
North America (BP),,2005,0.527
North America (BP),,2006,0.736
North America (BP),,2007,1.022
North America (BP),,2008,1.21
North America (BP),,2009,1.7461
North America (BP),,2010,3.1878
North America (BP),,2011,5.8424
North America (BP),,2012,8.9758
North America (BP),,2013,13.078
North America (BP),,2014,18.001
North America (BP),,2015,24.490000000000002
North America (BP),,2016,36.2556
North America (BP),,2017,45.41474
North America (BP),,2018,55.44814
North America (BP),,2019,66.82133999999999
North America (BP),,2020,82.304836
North America (BP),,2021,104.36875
Oceania,,1996,0.016
Oceania,,1997,0.019
Oceania,,1998,0.023
Oceania,,1999,0.025
Oceania,,2000,0.025
Oceania,,2001,0.029
Oceania,,2002,0.034
Oceania,,2003,0.039
Oceania,,2004,0.046
Oceania,,2005,0.052000000000000005
Oceania,,2006,0.061
Oceania,,2007,0.07
Oceania,,2008,0.082
Oceania,,2009,0.329
Oceania,,2010,1.088
Oceania,,2011,2.47
Oceania,,2012,3.7960000000000003
Oceania,,2013,4.565
Oceania,,2014,5.284
Oceania,,2015,5.9430000000000005
Oceania,,2016,6.686
Oceania,,2017,7.352
Oceania,,2018,8.623
Oceania,,2019,12.967
Oceania,,2020,17.342
Oceania,,2021,19.074
Pakistan,PAK,1996,0
Pakistan,PAK,1997,0
Pakistan,PAK,1998,0
Pakistan,PAK,1999,0
Pakistan,PAK,2000,0
Pakistan,PAK,2001,0
Pakistan,PAK,2002,0
Pakistan,PAK,2003,0
Pakistan,PAK,2004,0
Pakistan,PAK,2005,0
Pakistan,PAK,2006,0
Pakistan,PAK,2007,0.00014000000000000001
Pakistan,PAK,2008,0.00114
Pakistan,PAK,2009,0.00667
Pakistan,PAK,2010,0.009275
Pakistan,PAK,2011,0.018632000000000003
Pakistan,PAK,2012,0.045783000000000004
Pakistan,PAK,2013,0.100658
Pakistan,PAK,2014,0.165363
Pakistan,PAK,2015,0.265512
Pakistan,PAK,2016,0.5895050000000001
Pakistan,PAK,2017,0.6546989999999999
Pakistan,PAK,2018,0.6791090000000001
Pakistan,PAK,2019,0.763313
Pakistan,PAK,2020,0.860313
Pakistan,PAK,2021,1.0833130000000002
Philippines,PHL,1996,0
Philippines,PHL,1997,0
Philippines,PHL,1998,0
Philippines,PHL,1999,0
Philippines,PHL,2000,0
Philippines,PHL,2001,0
Philippines,PHL,2002,0
Philippines,PHL,2003,0
Philippines,PHL,2004,0.002
Philippines,PHL,2005,0.00202
Philippines,PHL,2006,0.00202
Philippines,PHL,2007,0.00202
Philippines,PHL,2008,0.00202
Philippines,PHL,2009,0.00202
Philippines,PHL,2010,0.00202
Philippines,PHL,2011,0.00202
Philippines,PHL,2012,0.00202
Philippines,PHL,2013,0.0030470000000000002
Philippines,PHL,2014,0.027736999999999998
Philippines,PHL,2015,0.17255
Philippines,PHL,2016,0.784145
Philippines,PHL,2017,0.908376
Philippines,PHL,2018,0.916961
Philippines,PHL,2019,0.982246
Philippines,PHL,2020,1.057881
Philippines,PHL,2021,1.369734
Poland,POL,1997,0
Poland,POL,1998,0
Poland,POL,1999,0
Poland,POL,2000,0
Poland,POL,2001,0
Poland,POL,2002,0
Poland,POL,2003,0
Poland,POL,2004,0
Poland,POL,2005,0
Poland,POL,2006,0
Poland,POL,2007,0
Poland,POL,2008,0
Poland,POL,2009,0
Poland,POL,2010,0
Poland,POL,2011,0.00111
Poland,POL,2012,0.0013000000000000002
Poland,POL,2013,0.0023929999999999997
Poland,POL,2014,0.02715
Poland,POL,2015,0.107777
Poland,POL,2016,0.18724700000000002
Poland,POL,2017,0.28709100000000004
Poland,POL,2018,0.561976
Poland,POL,2019,1.5392590000000002
Poland,POL,2020,3.9549630000000002
Poland,POL,2021,6.256754
Portugal,PRT,1996,0.0004
Portugal,PRT,1997,0.0005
Portugal,PRT,1998,0.0006
Portugal,PRT,1999,0.0009000000000000001
Portugal,PRT,2000,0.001
Portugal,PRT,2001,0.001
Portugal,PRT,2002,0.001
Portugal,PRT,2003,0.002
Portugal,PRT,2004,0.002
Portugal,PRT,2005,0.002
Portugal,PRT,2006,0.003
Portugal,PRT,2007,0.024
Portugal,PRT,2008,0.059000000000000004
Portugal,PRT,2009,0.115
Portugal,PRT,2010,0.134
Portugal,PRT,2011,0.17200000000000001
Portugal,PRT,2012,0.23800000000000002
Portugal,PRT,2013,0.296
Portugal,PRT,2014,0.41500000000000004
Portugal,PRT,2015,0.447
Portugal,PRT,2016,0.512824
Portugal,PRT,2017,0.579236
Portugal,PRT,2018,0.6674310000000001
Portugal,PRT,2019,0.901438
Portugal,PRT,2020,1.100292
Portugal,PRT,2021,1.801292
Romania,ROU,1996,0
Romania,ROU,1997,0
Romania,ROU,1998,0
Romania,ROU,1999,0
Romania,ROU,2000,0
Romania,ROU,2001,0
Romania,ROU,2002,0
Romania,ROU,2003,0
Romania,ROU,2004,0
Romania,ROU,2005,0
Romania,ROU,2006,0
Romania,ROU,2007,0
Romania,ROU,2008,0.0001
Romania,ROU,2009,0.0001
Romania,ROU,2010,0.0001
Romania,ROU,2011,0.001
Romania,ROU,2012,0.041
Romania,ROU,2013,0.761
Romania,ROU,2014,1.293
Romania,ROU,2015,1.326
Romania,ROU,2016,1.372
Romania,ROU,2017,1.374129
Romania,ROU,2018,1.38582
Romania,ROU,2019,1.397705
Romania,ROU,2020,1.382539
Romania,ROU,2021,1.397539
Russia,RUS,1996,0
Russia,RUS,1997,0
Russia,RUS,1998,0
Russia,RUS,1999,0
Russia,RUS,2000,0
Russia,RUS,2001,0
Russia,RUS,2002,0
Russia,RUS,2003,0
Russia,RUS,2004,0
Russia,RUS,2005,0
Russia,RUS,2006,0
Russia,RUS,2007,0
Russia,RUS,2008,0
Russia,RUS,2009,0
Russia,RUS,2010,0.00001
Russia,RUS,2011,0.000023
Russia,RUS,2012,0.000093
Russia,RUS,2013,0.001259
Russia,RUS,2014,0.005
Russia,RUS,2015,0.06132
Russia,RUS,2016,0.07632
Russia,RUS,2017,0.22532
Russia,RUS,2018,0.53532
Russia,RUS,2019,1.27632
Russia,RUS,2020,1.4278199999999999
Russia,RUS,2021,1.66102
Slovakia,SVK,1996,0
Slovakia,SVK,1997,0
Slovakia,SVK,1998,0
Slovakia,SVK,1999,0
Slovakia,SVK,2000,0
Slovakia,SVK,2001,0
Slovakia,SVK,2002,0
Slovakia,SVK,2003,0
Slovakia,SVK,2004,0
Slovakia,SVK,2005,0
Slovakia,SVK,2006,0
Slovakia,SVK,2007,0
Slovakia,SVK,2008,0
Slovakia,SVK,2009,0
Slovakia,SVK,2010,0.019
Slovakia,SVK,2011,0.496
Slovakia,SVK,2012,0.513
Slovakia,SVK,2013,0.533
Slovakia,SVK,2014,0.533
Slovakia,SVK,2015,0.533
Slovakia,SVK,2016,0.533
Slovakia,SVK,2017,0.528
Slovakia,SVK,2018,0.47200000000000003
Slovakia,SVK,2019,0.59
Slovakia,SVK,2020,0.535
Slovakia,SVK,2021,0.535
South Africa,ZAF,1996,0
South Africa,ZAF,1997,0.002
South Africa,ZAF,1998,0.004
South Africa,ZAF,1999,0.006
South Africa,ZAF,2000,0
South Africa,ZAF,2001,0
South Africa,ZAF,2002,0
South Africa,ZAF,2003,0
South Africa,ZAF,2004,0
South Africa,ZAF,2005,0
South Africa,ZAF,2006,0
South Africa,ZAF,2007,0
South Africa,ZAF,2008,0
South Africa,ZAF,2009,0
South Africa,ZAF,2010,0.0019590000000000002
South Africa,ZAF,2011,0.005658000000000001
South Africa,ZAF,2012,0.011303
South Africa,ZAF,2013,0.261625
South Africa,ZAF,2014,1.062901
South Africa,ZAF,2015,1.2516559999999999
South Africa,ZAF,2016,1.974026
South Africa,ZAF,2017,3.1467300000000002
South Africa,ZAF,2018,4.4009290000000005
South Africa,ZAF,2019,4.404991
South Africa,ZAF,2020,5.489578000000001
South Africa,ZAF,2021,5.721095
South America,,1996,0
South America,,1997,0
South America,,1998,0
South America,,1999,0
South America,,2000,0.000025
South America,,2001,0.000062
South America,,2002,0.000062
South America,,2003,0.00074200004
South America,,2004,0.000744
South America,,2005,0.000744
South America,,2006,0.000744
South America,,2007,0.000744
South America,,2008,0.00079
South America,,2009,0.00084000003
South America,,2010,0.00088
South America,,2011,0.0073490000000000005
South America,,2012,0.01486
South America,,2013,0.035785
South America,,2014,0.249949
South America,,2015,0.630185
South America,,2016,1.261595
South America,,2017,3.024593
South America,,2018,4.7632579999999995
South America,,2019,7.7090000000000005
South America,,2020,11.84873
South America,,2021,18.486299
South Korea,KOR,1996,0
South Korea,KOR,1997,0
South Korea,KOR,1998,0
South Korea,KOR,1999,0
South Korea,KOR,2000,0.004
South Korea,KOR,2001,0.005
South Korea,KOR,2002,0.005
South Korea,KOR,2003,0.006
South Korea,KOR,2004,0.009000000000000001
South Korea,KOR,2005,0.014
South Korea,KOR,2006,0.036000000000000004
South Korea,KOR,2007,0.081
South Korea,KOR,2008,0.357
South Korea,KOR,2009,0.524
South Korea,KOR,2010,0.65
South Korea,KOR,2011,0.73
South Korea,KOR,2012,1.024
South Korea,KOR,2013,1.555
South Korea,KOR,2014,2.481
South Korea,KOR,2015,3.615
South Korea,KOR,2016,4.502
South Korea,KOR,2017,5.835
South Korea,KOR,2018,8.099
South Korea,KOR,2019,11.952
South Korea,KOR,2020,14.574791
South Korea,KOR,2021,18.160574
South and Central America (BP),,1996,0
South and Central America (BP),,1997,0
South and Central America (BP),,1998,0
South and Central America (BP),,1999,0.002
South and Central America (BP),,2000,0.004522
South and Central America (BP),,2001,0.007367
South and Central America (BP),,2002,0.009670999999999999
South and Central America (BP),,2003,0.01242
South and Central America (BP),,2004,0.014613
South and Central America (BP),,2005,0.017013
South and Central America (BP),,2006,0.022773
South and Central America (BP),,2007,0.028982
South and Central America (BP),,2008,0.037997
South and Central America (BP),,2009,0.062194000000000006
South and Central America (BP),,2010,0.11973900000000001
South and Central America (BP),,2011,0.18816200000000002
South and Central America (BP),,2012,0.36550299999999997
South and Central America (BP),,2013,0.47933800000000004
South and Central America (BP),,2014,0.807515
South and Central America (BP),,2015,1.902919
South and Central America (BP),,2016,2.756455
South and Central America (BP),,2017,5.282814999999999
South and Central America (BP),,2018,7.508274
South and Central America (BP),,2019,11.024064000000001
South and Central America (BP),,2020,15.544097
South and Central America (BP),,2021,22.816423999999998
Spain,ESP,1996,0.001
Spain,ESP,1997,0.001
Spain,ESP,1998,0.001
Spain,ESP,1999,0.002
Spain,ESP,2000,0.01
Spain,ESP,2001,0.013000000000000001
Spain,ESP,2002,0.017
Spain,ESP,2003,0.022
Spain,ESP,2004,0.033
Spain,ESP,2005,0.052000000000000005
Spain,ESP,2006,0.13
Spain,ESP,2007,0.494
Spain,ESP,2008,3.384
Spain,ESP,2009,3.423
Spain,ESP,2010,3.873
Spain,ESP,2011,4.283
Spain,ESP,2012,4.569
Spain,ESP,2013,4.69
Spain,ESP,2014,4.697
Spain,ESP,2015,4.704
Spain,ESP,2016,4.713
Spain,ESP,2017,4.723
Spain,ESP,2018,4.763607
Spain,ESP,2019,8.839253000000001
Spain,ESP,2020,10.285477
Spain,ESP,2021,13.648477000000002
Sweden,SWE,1996,0.002
Sweden,SWE,1997,0.002
Sweden,SWE,1998,0.002
Sweden,SWE,1999,0.003
Sweden,SWE,2000,0.003
Sweden,SWE,2001,0.003
Sweden,SWE,2002,0.003
Sweden,SWE,2003,0.004
Sweden,SWE,2004,0.004
Sweden,SWE,2005,0.004
Sweden,SWE,2006,0.005
Sweden,SWE,2007,0.006
Sweden,SWE,2008,0.008
Sweden,SWE,2009,0.009000000000000001
Sweden,SWE,2010,0.011
Sweden,SWE,2011,0.012
Sweden,SWE,2012,0.024
Sweden,SWE,2013,0.043000000000000003
Sweden,SWE,2014,0.06
Sweden,SWE,2015,0.10400000000000001
Sweden,SWE,2016,0.153
Sweden,SWE,2017,0.244
Sweden,SWE,2018,0.428
Sweden,SWE,2019,0.714
Sweden,SWE,2020,1.107
Sweden,SWE,2021,1.5774000000000001
Switzerland,CHE,1996,0.008
Switzerland,CHE,1997,0.01
Switzerland,CHE,1998,0.012
Switzerland,CHE,1999,0.013000000000000001
Switzerland,CHE,2000,0.016
Switzerland,CHE,2001,0.018000000000000002
Switzerland,CHE,2002,0.02
Switzerland,CHE,2003,0.022
Switzerland,CHE,2004,0.024
Switzerland,CHE,2005,0.028
Switzerland,CHE,2006,0.03
Switzerland,CHE,2007,0.037
Switzerland,CHE,2008,0.049
Switzerland,CHE,2009,0.079
Switzerland,CHE,2010,0.125
Switzerland,CHE,2011,0.223
Switzerland,CHE,2012,0.437
Switzerland,CHE,2013,0.756
Switzerland,CHE,2014,1.061
Switzerland,CHE,2015,1.3940000000000001
Switzerland,CHE,2016,1.6640000000000001
Switzerland,CHE,2017,1.9060000000000001
Switzerland,CHE,2018,2.173
Switzerland,CHE,2019,2.498
Switzerland,CHE,2020,2.9733899999999998
Switzerland,CHE,2021,3.44878
Taiwan,TWN,1996,0
Taiwan,TWN,1997,0
Taiwan,TWN,1998,0
Taiwan,TWN,1999,0
Taiwan,TWN,2000,0.0001
Taiwan,TWN,2001,0.0002
Taiwan,TWN,2002,0.00033
Taiwan,TWN,2003,0.00045000000000000004
Taiwan,TWN,2004,0.00057
Taiwan,TWN,2005,0.0010400000000000001
Taiwan,TWN,2006,0.00141
Taiwan,TWN,2007,0.00244
Taiwan,TWN,2008,0.00558
Taiwan,TWN,2009,0.00951
Taiwan,TWN,2010,0.034555
Taiwan,TWN,2011,0.129912
Taiwan,TWN,2012,0.23128100000000001
Taiwan,TWN,2013,0.40993799999999997
Taiwan,TWN,2014,0.635951
Taiwan,TWN,2015,0.884251
Taiwan,TWN,2016,1.245055
Taiwan,TWN,2017,1.767702
Taiwan,TWN,2018,2.738119
Taiwan,TWN,2019,4.149539
Taiwan,TWN,2020,5.817205
Taiwan,TWN,2021,7.700213
Thailand,THA,1996,0
Thailand,THA,1997,0
Thailand,THA,1998,0
Thailand,THA,1999,0
Thailand,THA,2000,0
Thailand,THA,2001,0
Thailand,THA,2002,0
Thailand,THA,2003,0
Thailand,THA,2004,0
Thailand,THA,2005,0
Thailand,THA,2006,0.03041
Thailand,THA,2007,0.03225
Thailand,THA,2008,0.032350000000000004
Thailand,THA,2009,0.037
Thailand,THA,2010,0.048600000000000004
Thailand,THA,2011,0.0787
Thailand,THA,2012,0.3767
Thailand,THA,2013,0.8235
Thailand,THA,2014,1.2985
Thailand,THA,2015,1.4196
Thailand,THA,2016,2.4461
Thailand,THA,2017,2.6972600000000004
Thailand,THA,2018,2.96244
Thailand,THA,2019,2.98262
Thailand,THA,2020,2.98262
Thailand,THA,2021,3.0436199999999998
Turkey,TUR,1996,0
Turkey,TUR,1997,0
Turkey,TUR,1998,0
Turkey,TUR,1999,0
Turkey,TUR,2000,0.0001
Turkey,TUR,2001,0.0003
Turkey,TUR,2002,0.0006
Turkey,TUR,2003,0.001
Turkey,TUR,2004,0.0015
Turkey,TUR,2005,0.002
Turkey,TUR,2006,0.0025
Turkey,TUR,2007,0.003
Turkey,TUR,2008,0.0037
Turkey,TUR,2009,0.0047
Turkey,TUR,2010,0.0057
Turkey,TUR,2011,0.0067
Turkey,TUR,2012,0.0117
Turkey,TUR,2013,0.0177
Turkey,TUR,2014,0.04
Turkey,TUR,2015,0.249
Turkey,TUR,2016,0.833
Turkey,TUR,2017,3.4207
Turkey,TUR,2018,5.062608
Turkey,TUR,2019,5.995155
Turkey,TUR,2020,6.667355
Turkey,TUR,2021,7.815555000000001
Ukraine,UKR,1996,0
Ukraine,UKR,1997,0
Ukraine,UKR,1998,0
Ukraine,UKR,1999,0
Ukraine,UKR,2000,0
Ukraine,UKR,2001,0
Ukraine,UKR,2002,0
Ukraine,UKR,2003,0
Ukraine,UKR,2004,0
Ukraine,UKR,2005,0
Ukraine,UKR,2006,0
Ukraine,UKR,2007,0
Ukraine,UKR,2008,0
Ukraine,UKR,2009,0
Ukraine,UKR,2010,0.0025
Ukraine,UKR,2011,0.1882
Ukraine,UKR,2012,0.37160000000000004
Ukraine,UKR,2013,0.7484
Ukraine,UKR,2014,0.8191
Ukraine,UKR,2015,0.8412000000000001
Ukraine,UKR,2016,0.9547000000000001
Ukraine,UKR,2017,1.2
Ukraine,UKR,2018,2.002688
Ukraine,UKR,2019,5.935688
Ukraine,UKR,2020,7.331
Ukraine,UKR,2021,8.062
United Arab Emirates,ARE,1996,0
United Arab Emirates,ARE,1997,0
United Arab Emirates,ARE,1998,0
United Arab Emirates,ARE,1999,0
United Arab Emirates,ARE,2000,0
United Arab Emirates,ARE,2001,0
United Arab Emirates,ARE,2002,0
United Arab Emirates,ARE,2003,0
United Arab Emirates,ARE,2004,0
United Arab Emirates,ARE,2005,0
United Arab Emirates,ARE,2006,0
United Arab Emirates,ARE,2007,0
United Arab Emirates,ARE,2008,0
United Arab Emirates,ARE,2009,0.010076
United Arab Emirates,ARE,2010,0.010826
United Arab Emirates,ARE,2011,0.012751
United Arab Emirates,ARE,2012,0.013205999999999999
United Arab Emirates,ARE,2013,0.025802
United Arab Emirates,ARE,2014,0.033171
United Arab Emirates,ARE,2015,0.033406
United Arab Emirates,ARE,2016,0.040406
United Arab Emirates,ARE,2017,0.255036
United Arab Emirates,ARE,2018,0.498305
United Arab Emirates,ARE,2019,1.8178699999999999
United Arab Emirates,ARE,2020,2.205397
United Arab Emirates,ARE,2021,2.605047
United Kingdom,GBR,1996,0.0002
United Kingdom,GBR,1997,0.0004
United Kingdom,GBR,1998,0.0005
United Kingdom,GBR,1999,0.0009000000000000001
United Kingdom,GBR,2000,0.002
United Kingdom,GBR,2001,0.003
United Kingdom,GBR,2002,0.004
United Kingdom,GBR,2003,0.006
United Kingdom,GBR,2004,0.008
United Kingdom,GBR,2005,0.011
United Kingdom,GBR,2006,0.014
United Kingdom,GBR,2007,0.018000000000000002
United Kingdom,GBR,2008,0.023
United Kingdom,GBR,2009,0.027
United Kingdom,GBR,2010,0.095
United Kingdom,GBR,2011,1
United Kingdom,GBR,2012,1.7530000000000001
United Kingdom,GBR,2013,2.9370000000000003
United Kingdom,GBR,2014,5.5280000000000005
United Kingdom,GBR,2015,9.601218999999999
United Kingdom,GBR,2016,11.914
United Kingdom,GBR,2017,12.76
United Kingdom,GBR,2018,13.073
United Kingdom,GBR,2019,13.346
United Kingdom,GBR,2020,13.46248
United Kingdom,GBR,2021,13.689
United States,USA,1996,0.013900000000000001
United States,USA,1997,0.0146
United States,USA,1998,0.0152
United States,USA,1999,0.0166
United States,USA,2000,0.176
United States,USA,2001,0.213
United States,USA,2002,0.255
United States,USA,2003,0.293
United States,USA,2004,0.363
United States,USA,2005,0.493
United States,USA,2006,0.6980000000000001
United States,USA,2007,0.974
United States,USA,2008,1.153
United States,USA,2009,1.614
United States,USA,2010,2.9090000000000003
United States,USA,2011,5.172
United States,USA,2012,8.137
United States,USA,2013,11.759
United States,USA,2014,15.984
United States,USA,2015,21.684
United States,USA,2016,32.958
United States,USA,2017,41.357
United States,USA,2018,49.812
United States,USA,2019,59.068
United States,USA,2020,73.8137
United States,USA,2021,93.71301600000001
Upper-middle-income countries,,1996,0.011
Upper-middle-income countries,,1997,0.0155
Upper-middle-income countries,,1998,0.021
Upper-middle-income countries,,1999,0.029
Upper-middle-income countries,,2000,0.047655003
Upper-middle-income countries,,2001,0.053397
Upper-middle-income countries,,2002,0.073207
Upper-middle-income countries,,2003,0.084356995
Upper-middle-income countries,,2004,0.094859
Upper-middle-income countries,,2005,0.15995900000000002
Upper-middle-income countries,,2006,0.209869
Upper-middle-income countries,,2007,0.254489
Upper-middle-income countries,,2008,0.309595
Upper-middle-income countries,,2009,0.48509497
Upper-middle-income countries,,2010,1.1344079999999999
Upper-middle-income countries,,2011,3.4042173
Upper-middle-income countries,,2012,8.288913
Upper-middle-income countries,,2013,20.901484
Upper-middle-income countries,,2014,33.521773
Upper-middle-income countries,,2015,49.487402
Upper-middle-income countries,,2016,86.91714
Upper-middle-income countries,,2017,145.83273000000003
Upper-middle-income countries,,2018,196.80760999999998
Upper-middle-income countries,,2019,233.24031
Upper-middle-income countries,,2020,289.18834000000004
Upper-middle-income countries,,2021,351.68762
Vietnam,VNM,2000,0.000002
Vietnam,VNM,2001,0.000108
Vietnam,VNM,2002,0.000236
Vietnam,VNM,2003,0.00040600000000000006
Vietnam,VNM,2004,0.000747
Vietnam,VNM,2005,0.001885
Vietnam,VNM,2006,0.003424
Vietnam,VNM,2007,0.003424
Vietnam,VNM,2008,0.003424
Vietnam,VNM,2009,0.0035150000000000003
Vietnam,VNM,2010,0.004518
Vietnam,VNM,2011,0.004518
Vietnam,VNM,2012,0.004518
Vietnam,VNM,2013,0.004518
Vietnam,VNM,2014,0.00529
Vietnam,VNM,2015,0.00529
Vietnam,VNM,2016,0.00529
Vietnam,VNM,2017,0.007992
Vietnam,VNM,2018,0.104992
Vietnam,VNM,2019,4.9934899999999995
Vietnam,VNM,2020,16.660490000000003
Vietnam,VNM,2021,16.660490000000003
World,OWID_WRL,1996,0.17181242
World,OWID_WRL,1997,0.23173727
World,OWID_WRL,1998,0.30496213
World,OWID_WRL,1999,0.4235994
World,OWID_WRL,2000,0.808669
World,OWID_WRL,2001,1.0929860000000002
World,OWID_WRL,2002,1.437059
World,OWID_WRL,2003,1.96503
World,OWID_WRL,2004,3.0519789999999998
World,OWID_WRL,2005,4.548119
World,OWID_WRL,2006,6.093193
World,OWID_WRL,2007,8.506466
World,OWID_WRL,2008,14.729541
World,OWID_WRL,2009,22.844467
World,OWID_WRL,2010,40.33781
World,OWID_WRL,2011,72.21597
World,OWID_WRL,2012,101.74533000000001
World,OWID_WRL,2013,137.22697
World,OWID_WRL,2014,175.61717000000002
World,OWID_WRL,2015,223.20360000000002
World,OWID_WRL,2016,295.2289
World,OWID_WRL,2017,390.20653000000004
World,OWID_WRL,2018,483.0118
World,OWID_WRL,2019,584.6857
World,OWID_WRL,2020,710.2811
World,OWID_WRL,2021,843.0860600000001